first_name,last_name,email,password,address,phone
Ipanema,Adam,ipanema@gmail.com,123123,Sai Son - Quoc Oai - Ha Noi,973511241
Adam,Alabela,adam@gmail.com,123123,5 Trai - Quoc Oai - Ha Noi,973511242
Michel,Alex,michel@gmail.com,123123,Sam Son - Thanh Hoa,973511243
Alex,Haha,alex@gmail.com,123123,Ung hoa - ha noi,973511244
Maxin,HPH,maxin@gmail.com,123123,Cau giay - ha noi,973511245
Secret,Ipanema,secret@gmail.com,123123,ba dinh - Ha Noi,973511246
Haha,KJK,haha@gmail.com,123123,gia lam - Ha Noi,973511234
KJK,LWS,kjk@gmail.com,123123,nam tu niem - Ha Noi,973511223
LWS,Maxin,lsws@gmail.com,123123,bac tu niem - Ha Noi,973511254
HPH,Michel,hph@gmail.com,123123,gia lam - Ha Noi,973511265
Alabela,Minium,alabela@gmail.com,123123,Me tri - Ha Noi,973511212
Minium,Secret,minium@gmail.com,123123,bac tu niem - Ha Noi,973511276
Tholak,Tanoke,tholak@gmail.com,123123,cau giay - Ha Noi,973511453
Yamon,Tholak,yamon@gmail.com,123123,Sai Son - Quoc Oai - Ha Noi,973511672
Tanoke,Yamon,tanoke@gmail.com,123123,Sai Son - Quoc Oai - Ha Noi,973511461